vendor,title,description,content,url,published
Google,Google faces potential cybersecurity audit failure,A recent cybersecurity audit failure involving Google has raised concerns in the industry.,"The incident surrounding Google and the cybersecurity audit failure has escalated, drawing attention from regulators and media.",https://example.com/google-cybersecurity-audit-failure,2025-07-24T17:22:27Z
CrowdStrike,CrowdStrike faces potential vulnerability disclosure,A recent vulnerability disclosure involving CrowdStrike has raised concerns in the industry.,"The incident surrounding CrowdStrike and the vulnerability disclosure has escalated, drawing attention from regulators and media.",https://example.com/crowdstrike-vulnerability-disclosure,2025-07-23T17:22:27Z
CrowdStrike,CrowdStrike faces potential ransomware attack,A recent ransomware attack involving CrowdStrike has raised concerns in the industry.,"The incident surrounding CrowdStrike and the ransomware attack has escalated, drawing attention from regulators and media.",https://example.com/crowdstrike-ransomware-attack,2025-07-26T17:22:27Z
Apple,Apple faces potential vulnerability disclosure,A recent vulnerability disclosure involving Apple has raised concerns in the industry.,"The incident surrounding Apple and the vulnerability disclosure has escalated, drawing attention from regulators and media.",https://example.com/apple-vulnerability-disclosure,2025-07-22T17:22:27Z
Palo Alto Networks,Palo Alto Networks faces potential system outage,A recent system outage involving Palo Alto Networks has raised concerns in the industry.,"The incident surrounding Palo Alto Networks and the system outage has escalated, drawing attention from regulators and media.",https://example.com/palo-alto-networks-system-outage,2025-07-24T17:22:27Z
Amazon Web Services,Amazon Web Services faces potential system outage,A recent system outage involving Amazon Web Services has raised concerns in the industry.,"The incident surrounding Amazon Web Services and the system outage has escalated, drawing attention from regulators and media.",https://example.com/amazon-web-services-system-outage,2025-07-25T17:22:27Z
Cisco,Cisco faces potential compliance violation,A recent compliance violation involving Cisco has raised concerns in the industry.,"The incident surrounding Cisco and the compliance violation has escalated, drawing attention from regulators and media.",https://example.com/cisco-compliance-violation,2025-07-23T17:22:27Z
Amazon Web Services,Amazon Web Services faces potential data breach,A recent data breach involving Amazon Web Services has raised concerns in the industry.,"The incident surrounding Amazon Web Services and the data breach has escalated, drawing attention from regulators and media.",https://example.com/amazon-web-services-data-breach,2025-07-21T17:22:27Z
Fortinet,Fortinet faces potential ransomware attack,A recent ransomware attack involving Fortinet has raised concerns in the industry.,"The incident surrounding Fortinet and the ransomware attack has escalated, drawing attention from regulators and media.",https://example.com/fortinet-ransomware-attack,2025-07-25T17:22:27Z
Palo Alto Networks,Palo Alto Networks faces potential vulnerability disclosure,A recent vulnerability disclosure involving Palo Alto Networks has raised concerns in the industry.,"The incident surrounding Palo Alto Networks and the vulnerability disclosure has escalated, drawing attention from regulators and media.",https://example.com/palo-alto-networks-vulnerability-disclosure,2025-07-27T17:22:27Z
Microsoft,Microsoft faces potential malware infiltration,A recent malware infiltration involving Microsoft has raised concerns in the industry.,"The incident surrounding Microsoft and the malware infiltration has escalated, drawing attention from regulators and media.",https://example.com/microsoft-malware-infiltration,2025-07-21T17:22:27Z
Amazon Web Services,Amazon Web Services faces potential vulnerability disclosure,A recent vulnerability disclosure involving Amazon Web Services has raised concerns in the industry.,"The incident surrounding Amazon Web Services and the vulnerability disclosure has escalated, drawing attention from regulators and media.",https://example.com/amazon-web-services-vulnerability-disclosure,2025-07-27T17:22:27Z
Cisco,Cisco faces potential ransomware attack,A recent ransomware attack involving Cisco has raised concerns in the industry.,"The incident surrounding Cisco and the ransomware attack has escalated, drawing attention from regulators and media.",https://example.com/cisco-ransomware-attack,2025-07-26T17:22:27Z
Cisco,Cisco faces potential system outage,A recent system outage involving Cisco has raised concerns in the industry.,"The incident surrounding Cisco and the system outage has escalated, drawing attention from regulators and media.",https://example.com/cisco-system-outage,2025-07-23T17:22:27Z
Amazon Web Services,Amazon Web Services faces potential malware infiltration,A recent malware infiltration involving Amazon Web Services has raised concerns in the industry.,"The incident surrounding Amazon Web Services and the malware infiltration has escalated, drawing attention from regulators and media.",https://example.com/amazon-web-services-malware-infiltration,2025-07-26T17:22:27Z
Palo Alto Networks,Palo Alto Networks faces potential lawsuit,A recent lawsuit involving Palo Alto Networks has raised concerns in the industry.,"The incident surrounding Palo Alto Networks and the lawsuit has escalated, drawing attention from regulators and media.",https://example.com/palo-alto-networks-lawsuit,2025-07-27T17:22:27Z
Fortinet,Fortinet faces potential vulnerability disclosure,A recent vulnerability disclosure involving Fortinet has raised concerns in the industry.,"The incident surrounding Fortinet and the vulnerability disclosure has escalated, drawing attention from regulators and media.",https://example.com/fortinet-vulnerability-disclosure,2025-07-24T17:22:27Z
Cisco,Cisco faces potential data breach,A recent data breach involving Cisco has raised concerns in the industry.,"The incident surrounding Cisco and the data breach has escalated, drawing attention from regulators and media.",https://example.com/cisco-data-breach,2025-07-22T17:22:27Z
Meta,Meta faces potential vulnerability disclosure,A recent vulnerability disclosure involving Meta has raised concerns in the industry.,"The incident surrounding Meta and the vulnerability disclosure has escalated, drawing attention from regulators and media.",https://example.com/meta-vulnerability-disclosure,2025-07-21T17:22:27Z
Microsoft,Microsoft faces potential regulatory fine,A recent regulatory fine involving Microsoft has raised concerns in the industry.,"The incident surrounding Microsoft and the regulatory fine has escalated, drawing attention from regulators and media.",https://example.com/microsoft-regulatory-fine,2025-07-24T17:22:27Z
Apple,Apple faces potential malware infiltration,A recent malware infiltration involving Apple has raised concerns in the industry.,"The incident surrounding Apple and the malware infiltration has escalated, drawing attention from regulators and media.",https://example.com/apple-malware-infiltration,2025-07-24T17:22:27Z
Fortinet,Fortinet faces potential ransomware attack,A recent ransomware attack involving Fortinet has raised concerns in the industry.,"The incident surrounding Fortinet and the ransomware attack has escalated, drawing attention from regulators and media.",https://example.com/fortinet-ransomware-attack,2025-07-22T17:22:27Z
Cisco,Cisco faces potential ransomware attack,A recent ransomware attack involving Cisco has raised concerns in the industry.,"The incident surrounding Cisco and the ransomware attack has escalated, drawing attention from regulators and media.",https://example.com/cisco-ransomware-attack,2025-07-28T17:22:27Z
Okta,Okta faces potential cybersecurity audit failure,A recent cybersecurity audit failure involving Okta has raised concerns in the industry.,"The incident surrounding Okta and the cybersecurity audit failure has escalated, drawing attention from regulators and media.",https://example.com/okta-cybersecurity-audit-failure,2025-07-23T17:22:27Z
Palo Alto Networks,Palo Alto Networks faces potential malware infiltration,A recent malware infiltration involving Palo Alto Networks has raised concerns in the industry.,"The incident surrounding Palo Alto Networks and the malware infiltration has escalated, drawing attention from regulators and media.",https://example.com/palo-alto-networks-malware-infiltration,2025-07-21T17:22:27Z
Microsoft,Microsoft faces potential cybersecurity audit failure,A recent cybersecurity audit failure involving Microsoft has raised concerns in the industry.,"The incident surrounding Microsoft and the cybersecurity audit failure has escalated, drawing attention from regulators and media.",https://example.com/microsoft-cybersecurity-audit-failure,2025-07-24T17:22:27Z
CrowdStrike,CrowdStrike faces potential regulatory fine,A recent regulatory fine involving CrowdStrike has raised concerns in the industry.,"The incident surrounding CrowdStrike and the regulatory fine has escalated, drawing attention from regulators and media.",https://example.com/crowdstrike-regulatory-fine,2025-07-24T17:22:27Z
Fortinet,Fortinet faces potential lawsuit,A recent lawsuit involving Fortinet has raised concerns in the industry.,"The incident surrounding Fortinet and the lawsuit has escalated, drawing attention from regulators and media.",https://example.com/fortinet-lawsuit,2025-07-21T17:22:27Z
Meta,Meta faces potential data breach,A recent data breach involving Meta has raised concerns in the industry.,"The incident surrounding Meta and the data breach has escalated, drawing attention from regulators and media.",https://example.com/meta-data-breach,2025-07-21T17:22:27Z
Amazon Web Services,Amazon Web Services faces potential lawsuit,A recent lawsuit involving Amazon Web Services has raised concerns in the industry.,"The incident surrounding Amazon Web Services and the lawsuit has escalated, drawing attention from regulators and media.",https://example.com/amazon-web-services-lawsuit,2025-07-24T17:22:27Z
Okta,Okta faces potential regulatory fine,A recent regulatory fine involving Okta has raised concerns in the industry.,"The incident surrounding Okta and the regulatory fine has escalated, drawing attention from regulators and media.",https://example.com/okta-regulatory-fine,2025-07-24T17:22:27Z
CrowdStrike,CrowdStrike faces potential lawsuit,A recent lawsuit involving CrowdStrike has raised concerns in the industry.,"The incident surrounding CrowdStrike and the lawsuit has escalated, drawing attention from regulators and media.",https://example.com/crowdstrike-lawsuit,2025-07-22T17:22:27Z
Okta,Okta faces potential ransomware attack,A recent ransomware attack involving Okta has raised concerns in the industry.,"The incident surrounding Okta and the ransomware attack has escalated, drawing attention from regulators and media.",https://example.com/okta-ransomware-attack,2025-07-28T17:22:27Z
CrowdStrike,CrowdStrike faces potential ransomware attack,A recent ransomware attack involving CrowdStrike has raised concerns in the industry.,"The incident surrounding CrowdStrike and the ransomware attack has escalated, drawing attention from regulators and media.",https://example.com/crowdstrike-ransomware-attack,2025-07-25T17:22:27Z
Apple,Apple faces potential data breach,A recent data breach involving Apple has raised concerns in the industry.,"The incident surrounding Apple and the data breach has escalated, drawing attention from regulators and media.",https://example.com/apple-data-breach,2025-07-23T17:22:27Z
Apple,Apple faces potential lawsuit,A recent lawsuit involving Apple has raised concerns in the industry.,"The incident surrounding Apple and the lawsuit has escalated, drawing attention from regulators and media.",https://example.com/apple-lawsuit,2025-07-28T17:22:27Z
Okta,Okta faces potential regulatory fine,A recent regulatory fine involving Okta has raised concerns in the industry.,"The incident surrounding Okta and the regulatory fine has escalated, drawing attention from regulators and media.",https://example.com/okta-regulatory-fine,2025-07-28T17:22:27Z
Fortinet,Fortinet faces potential vulnerability disclosure,A recent vulnerability disclosure involving Fortinet has raised concerns in the industry.,"The incident surrounding Fortinet and the vulnerability disclosure has escalated, drawing attention from regulators and media.",https://example.com/fortinet-vulnerability-disclosure,2025-07-27T17:22:27Z
Amazon Web Services,Amazon Web Services faces potential system outage,A recent system outage involving Amazon Web Services has raised concerns in the industry.,"The incident surrounding Amazon Web Services and the system outage has escalated, drawing attention from regulators and media.",https://example.com/amazon-web-services-system-outage,2025-07-28T17:22:27Z
Apple,Apple faces potential ransomware attack,A recent ransomware attack involving Apple has raised concerns in the industry.,"The incident surrounding Apple and the ransomware attack has escalated, drawing attention from regulators and media.",https://example.com/apple-ransomware-attack,2025-07-21T17:22:27Z
Meta,Meta faces potential DDoS incident,A recent DDoS incident involving Meta has raised concerns in the industry.,"The incident surrounding Meta and the DDoS incident has escalated, drawing attention from regulators and media.",https://example.com/meta-DDoS-incident,2025-07-21T17:22:27Z
Meta,Meta faces potential regulatory fine,A recent regulatory fine involving Meta has raised concerns in the industry.,"The incident surrounding Meta and the regulatory fine has escalated, drawing attention from regulators and media.",https://example.com/meta-regulatory-fine,2025-07-21T17:22:27Z
CrowdStrike,CrowdStrike faces potential compliance violation,A recent compliance violation involving CrowdStrike has raised concerns in the industry.,"The incident surrounding CrowdStrike and the compliance violation has escalated, drawing attention from regulators and media.",https://example.com/crowdstrike-compliance-violation,2025-07-27T17:22:27Z
Apple,Apple faces potential data breach,A recent data breach involving Apple has raised concerns in the industry.,"The incident surrounding Apple and the data breach has escalated, drawing attention from regulators and media.",https://example.com/apple-data-breach,2025-07-23T17:22:27Z
Apple,Apple faces potential compliance violation,A recent compliance violation involving Apple has raised concerns in the industry.,"The incident surrounding Apple and the compliance violation has escalated, drawing attention from regulators and media.",https://example.com/apple-compliance-violation,2025-07-23T17:22:27Z
Apple,Apple faces potential malware infiltration,A recent malware infiltration involving Apple has raised concerns in the industry.,"The incident surrounding Apple and the malware infiltration has escalated, drawing attention from regulators and media.",https://example.com/apple-malware-infiltration,2025-07-27T17:22:27Z
CrowdStrike,CrowdStrike faces potential cybersecurity audit failure,A recent cybersecurity audit failure involving CrowdStrike has raised concerns in the industry.,"The incident surrounding CrowdStrike and the cybersecurity audit failure has escalated, drawing attention from regulators and media.",https://example.com/crowdstrike-cybersecurity-audit-failure,2025-07-23T17:22:27Z
CrowdStrike,CrowdStrike faces potential malware infiltration,A recent malware infiltration involving CrowdStrike has raised concerns in the industry.,"The incident surrounding CrowdStrike and the malware infiltration has escalated, drawing attention from regulators and media.",https://example.com/crowdstrike-malware-infiltration,2025-07-27T17:22:27Z
Okta,Okta faces potential DDoS incident,A recent DDoS incident involving Okta has raised concerns in the industry.,"The incident surrounding Okta and the DDoS incident has escalated, drawing attention from regulators and media.",https://example.com/okta-DDoS-incident,2025-07-22T17:22:27Z
CrowdStrike,CrowdStrike faces potential ransomware attack,A recent ransomware attack involving CrowdStrike has raised concerns in the industry.,"The incident surrounding CrowdStrike and the ransomware attack has escalated, drawing attention from regulators and media.",https://example.com/crowdstrike-ransomware-attack,2025-07-21T17:22:27Z
